Index,country,gender,age,WUR2000,WUR2001,WUR2002,WUR2003,WUR2004,WUR2005,WUR2006,WUR2007,WUR2008,WUR2009,WUR2010,WUR2011,WUR2012,WUR2013,WUR2014,WUR2015,WUR2016,WUR2017,WUR2018,WUR2019,WUR2020,WUR2021,WUR2022,WUR2023,WUR2024,WUR2025
0,Afghanistan,Sex: Total,"Age (Youth, adults): 15-24",10.221,10.217,10.206,10.194,10.184,10.176,10.177,10.172,10.165,10.148,10.133,10.115,10.098,10.092,10.086,12.507,14.909,17.303,16.547,15.776,16.053,16.506,17.841,19.798,21.163,22.234
1,Albania,Sex: Total,"Age (Youth, adults): 15-24",30.557,29.893,28.809,27.531,26.605,26.231,25.858,26.622,26.553,27.324,30.885,22.733,28.987,31.318,39.744,39.874,36.172,31.403,28.305,27.161,30.756,29.691,28.2,26.94,26.446,26.168
2,Algeria,Sex: Total,"Age (Youth, adults): 15-24",50.683,46.978,46.089,43.925,34.222,31.226,24.352,27.84,24.29,21.617,21.909,22.61,27.7,25.56,25.4,30.257,26.168,30.249,30.731,31.137,35.417,33.957,32.007,31.327,30.982,30.69
3,Angola,Sex: Total,"Age (Youth, adults): 15-24",38.241,38.229,37.592,37.608,37.28,37.254,36.79,36.649,36.897,37.54,38.142,38.553,37.211,36.3,35.327,34.795,34.236,33.529,32.682,31.644,32.498,29.991,28.009,27.628,27.425,27.179
4,Argentina,Sex: Total,"Age (Youth, adults): 15-24",32.357,37.115,41.554,32.983,29.55,26.221,23.79,20.243,18.932,21.198,19.369,18.716,18.343,19.557,19.132,20.266,21.778,22.831,23.83,25.812,30.407,23.37,18.979,18.822,18.642,18.843
5,Armenia,Sex: Total,"Age (Youth, adults): 15-24",12.483,12.338,12.175,12.018,11.883,11.751,11.626,11.495,12.778,14.096,15.416,16.732,17.994,19.352,20.766,22.256,23.788,25.384,26.986,24.614,23.765,22.361,19.015,18.645,18.621,18.961
6,Australia,Sex: Total,"Age (Youth, adults): 15-24",12.081,13.48,12.791,11.956,11.361,10.625,10.029,9.362,8.81,11.464,11.536,11.36,11.737,12.218,13.306,13.111,12.635,12.592,11.786,11.753,14.204,11.228,8.233,8.285,8.766,8.979
7,Austria,Sex: Total,"Age (Youth, adults): 15-24",6.292,6.011,7.142,7.43,11.011,11.183,10.057,9.608,8.732,10.904,9.672,9.183,9.569,9.778,10.511,10.921,11.429,9.983,9.568,8.777,10.326,12.051,10.35,10.436,11.226,11.752
8,Azerbaijan,Sex: Total,"Age (Youth, adults): 15-24",22.121,22.092,21.591,18.943,18.199,15.277,14.621,13.389,13.67,13.614,14.559,14.414,13.896,13.388,13.287,13.208,12.797,12.319,11.622,11.402,15.119,14.463,13.583,13.609,13.836,14.08
9,Bahamas,Sex: Total,"Age (Youth, adults): 15-24",15.469,15.025,20.124,24.422,21.615,20.213,16.434,19.02,17.152,26.251,26.83,27.282,30.733,34.84,29.195,24.942,25.937,21.562,24.241,24.283,29.973,27.447,25.139,23.795,23.532,23.53
10,Bahrain,Sex: Total,"Age (Youth, adults): 15-24",4.041,4.201,4.342,4.361,4.168,4.005,4.027,4.118,4.337,4.693,4.96,5.275,5.402,5.428,5.361,5.322,5.397,5.487,5.583,5.665,6.548,6.636,5.894,5.759,5.674,5.599
11,Bangladesh,Sex: Total,"Age (Youth, adults): 15-24",9.67,8.804,7.774,6.609,7.732,8.809,7.281,8.121,8.911,9.636,6.373,7.528,8.694,9.881,10.286,10.679,11.051,12.219,12.274,12.344,14.467,14.21,12.541,12.266,12.362,12.457
12,Barbados,Sex: Total,"Age (Youth, adults): 15-24",20.793,22.966,22.93,25.846,22.554,21.224,20.453,17.362,19.005,23.572,25.251,26.724,28.709,28.998,32.808,28.65,26.124,26.033,24.046,25.516,29.52,27.964,26.096,24.559,23.62,23.096
13,Belarus,Sex: Total,"Age (Youth, adults): 15-24",21.572,20.389,19.167,17.961,16.732,15.536,14.361,13.229,12.084,10.979,10.949,10.94,10.906,10.897,10.866,10.83,10.775,9.382,10.685,10.24,12.078,10.485,10.269,9.916,9.833,9.848
14,Belgium,Sex: Total,"Age (Youth, adults): 15-24",15.252,15.345,15.652,18.969,17.494,21.471,20.505,18.825,17.975,21.935,22.391,18.733,19.743,23.704,23.202,22.12,20.095,19.277,15.767,14.265,15.329,18.208,16.441,14.486,14.537,14.723
15,Belize,Sex: Total,"Age (Youth, adults): 15-24",21.925,18.512,20.323,20.995,21.512,22.134,19.019,17.209,16.515,16.783,16.941,16.981,16.931,16.924,18.293,16.507,16.585,15.736,17.935,19.854,22.148,19.865,17.926,17.278,17.144,17.142
16,Benin,Sex: Total,"Age (Youth, adults): 15-24",1.006,0.908,0.827,0.987,1.137,1.318,1.463,1.593,1.692,1.883,2.141,5.461,5.155,4.728,4.401,4.386,4.397,4.254,3.867,3.74,4.318,4.337,3.931,3.752,3.688,3.637
17,Bhutan,Sex: Total,"Age (Youth, adults): 15-24",4.987,5.663,5.503,5.349,7.406,9.315,9.476,11.334,11.872,12.43,8.788,8.914,6.984,9.39,9.023,10.114,11.716,13.417,15.222,11.575,21.997,20.585,29.608,29.446,29.559,29.355
18,Bolivia,Sex: Total,"Age (Youth, adults): 15-24",4.262,4.581,4.726,4.93,5.049,5.184,5.189,5.416,5.578,5.218,5.161,5.121,3.37,5.371,4.608,6.806,6.761,6.637,6.753,6.976,15.376,8.451,6.265,7.175,7.347,7.386
19,Bosnia and Herz.,Sex: Total,"Age (Youth, adults): 15-24",50.204,52.28,54.182,56.193,58.097,60.11,62.1,58.359,47.581,48.94,57.942,58.055,63.486,59.808,63.373,63.15,55.099,46.518,39.453,34.102,37.052,35.332,31.893,29.81,29.197,29.023
20,Botswana,Sex: Total,"Age (Youth, adults): 15-24",31.823,38.843,43.183,46.73,41.381,36.596,31.709,31.292,31.116,32.158,34.845,34.9,34.258,34.392,34.615,35.021,35.35,35.514,34.996,35.285,41.54,44.485,43.523,43.609,43.371,43.124
21,Brazil,Sex: Total,"Age (Youth, adults): 15-24",20.285,19.986,20.538,21.298,19.944,21.296,19.792,18.69,17.432,19.64,18.108,16.783,15.776,15.643,15.45,19.437,26.519,28.504,27.883,27.044,30.221,28.261,20.679,17.743,18.101,18.255
22,Brunei,Sex: Total,"Age (Youth, adults): 15-24",16.274,16.444,16.758,17.127,17.562,18.068,18.629,19.258,19.944,20.684,21.434,22.201,22.924,23.671,24.397,26.225,27.973,29.652,31.453,20.448,27.351,16.456,16.72,16.643,16.395,16.226
23,Bulgaria,Sex: Total,"Age (Youth, adults): 15-24",33.242,39.056,35.59,27.017,24.455,22.332,19.511,15.141,12.766,16.226,21.942,25.055,28.127,28.409,23.796,21.669,17.234,12.932,12.685,8.897,14.205,15.847,10.765,10.445,9.994,9.082
24,Burkina Faso,Sex: Total,"Age (Youth, adults): 15-24",4.229,4.311,4.479,4.344,5.464,6.309,5.794,5.224,5.571,5.955,5.998,6.201,6.28,6.65,7.015,7.375,7.592,7.711,7.78,7.813,8.689,8.659,8.249,8.15,8.048,7.949
25,Burundi,Sex: Total,"Age (Youth, adults): 15-24",3.96,3.923,3.894,3.951,3.887,3.931,3.89,3.047,2.126,2.205,2.286,2.4,2.532,2.7,2.926,2.757,2.496,2.246,1.994,1.742,1.693,1.773,1.709,1.589,1.525,1.459
26,Cabo Verde,Sex: Total,"Age (Youth, adults): 15-24",22.233,22.941,23.486,24.24,24.186,24.417,24.544,24.609,24.903,25.613,20.812,22.126,23.326,24.747,26.403,28.017,29.547,31.25,27.104,27.703,33.562,31.562,29.33,28.581,28.386,28.228
27,Cambodia,Sex: Total,"Age (Youth, adults): 15-24",1.288,1.379,1.474,1.563,1.688,1.814,1.954,2.104,1.332,0.805,0.968,0.602,0.687,0.772,1.071,0.773,1.163,0.38,0.386,0.395,0.504,0.876,0.778,0.718,0.697,0.659
28,Cameroon,Sex: Total,"Age (Youth, adults): 15-24",11.352,11.246,10.109,8.895,7.658,6.623,5.585,4.554,5.087,5.683,6.307,6.308,6.264,6.223,6.177,6.166,6.203,6.297,6.375,6.431,7.145,7.088,6.606,6.46,6.4,6.338
29,Canada,Sex: Total,"Age (Youth, adults): 15-24",12.685,12.879,13.625,13.631,13.471,12.416,11.638,11.069,11.404,15.097,14.621,13.96,14.094,13.276,13.239,12.801,12.634,11.269,10.754,10.773,20.165,13.577,10.109,10.563,11.6,11.433
30,Central African Rep.,Sex: Total,"Age (Youth, adults): 15-24",11.035,11.092,11.06,11.027,10.803,10.712,10.523,10.442,10.298,10.516,10.777,10.565,10.404,10.392,10.488,10.689,10.714,10.766,10.507,10.604,11.851,11.836,10.899,10.76,10.669,10.541
31,Chad,Sex: Total,"Age (Youth, adults): 15-24",1.104,1.113,1.106,1.062,0.956,0.932,1.025,1.194,1.26,1.27,1.254,1.285,1.285,1.335,1.33,1.374,1.433,1.479,1.501,1.48,1.811,1.971,1.492,1.332,1.273,1.233
32,Chile,Sex: Total,"Age (Youth, adults): 15-24",24.687,24.505,24.946,24.69,24.483,23.37,22.066,21.612,23.738,26.693,19.09,17.943,16.76,16.669,17.027,16.085,16.009,17.139,18.036,19.529,24.447,20.462,18.299,21.645,22.278,22.691
33,China,Sex: Total,"Age (Youth, adults): 15-24",6.835,7.986,8.907,9.609,9.417,9.481,9.319,9.215,9.795,10.144,9.82,9.981,10.167,10.337,10.533,10.712,10.61,10.471,9.711,10.726,12.715,12.414,14.85,15.9,15.903,15.847
34,Colombia,Sex: Total,"Age (Youth, adults): 15-24",37.328,27.415,26.809,25.047,26.209,22.479,22.222,22.091,22.705,23.476,22.494,21.121,20.058,18.734,18.258,17.333,18.293,18.507,19.49,20.687,27.274,24.801,21.043,19.213,19.264,19.632
35,Comoros,Sex: Total,"Age (Youth, adults): 15-24",9.487,9.463,9.464,9.885,9.926,9.916,9.902,9.968,9.926,9.908,9.778,9.777,9.784,9.755,9.847,9.932,9.973,9.892,9.787,9.863,11.442,10.946,10.779,10.797,10.775,10.706
36,Congo,Sex: Total,"Age (Youth, adults): 15-24",39.56,39.652,39.267,39.859,39.98,39.848,39.464,40.302,40.53,40.41,39.419,39.798,40.026,40.906,40.687,41.773,42.623,43.552,43.711,42.924,47.288,46.066,42.088,40.899,40.251,39.775
37,Costa Rica,Sex: Total,"Age (Youth, adults): 15-24",11.285,13.854,14.518,15.092,14.571,15.566,14.321,11.102,11.253,18.373,17.397,22.061,22.395,21.595,24.28,22.427,21.724,20.804,25.126,31.282,40.16,39.27,30.74,24.736,23.88,23.993
38,Croatia,Sex: Total,"Age (Youth, adults): 15-24",41.329,39.221,36.104,35.521,32.36,31.911,28.605,25.027,23.591,25.154,32.298,36.616,42.06,50.018,45.542,42.396,31.291,27.398,23.752,16.676,21.152,21.947,18.056,19.245,18.662,17.469
39,Cuba,Sex: Total,"Age (Youth, adults): 15-24",10.97,8.385,6.735,4.686,3.849,4.182,4.172,3.968,3.399,3.497,6.035,7.692,8.48,8.095,6.603,5.977,4.969,4.307,4.25,3.026,3.172,3.177,3.09,2.891,2.744,2.578
40,Cyprus,Sex: Total,"Age (Youth, adults): 15-24",8.913,7.97,7.466,8.619,10.219,13.576,9.892,9.531,8.571,13.3,15.88,21.202,27.317,38.138,35.561,32.495,28.824,24.948,20.557,16.769,18.444,17.126,18.652,17.106,16.664,16.418
41,Czechia,Sex: Total,"Age (Youth, adults): 15-24",16.958,16.553,15.979,17.561,20.379,19.254,17.445,10.742,9.86,16.656,18.364,18.067,19.521,18.966,15.852,12.596,10.497,7.922,6.716,5.643,7.946,8.128,6.747,9.46,9.26,8.528
42,Côte d'Ivoire,Sex: Total,"Age (Youth, adults): 15-24",6.639,7.123,7.549,8.004,8.126,8.295,8.325,8.686,8.834,9.089,9.153,9.83,9.951,6.272,4.617,3.326,2.036,5.172,4.556,3.949,4.411,4.395,4.069,3.977,3.926,3.886
43,Dem. Rep. Congo,Sex: Total,"Age (Youth, adults): 15-24",5.399,5.4,5.285,5.097,4.968,4.92,5.422,5.933,6.44,7.002,7.505,8.014,8.444,8.417,8.365,8.38,8.533,8.686,8.73,8.701,10.185,9.845,8.782,8.404,8.341,8.293
44,Denmark,Sex: Total,"Age (Youth, adults): 15-24",6.732,8.215,7.023,9.804,7.771,8.596,7.671,7.489,9.456,13.431,15.56,16.304,15.769,14.76,14.201,12.151,12.153,12.392,10.513,10.047,11.591,10.79,10.535,10.946,10.887,11.03
45,Djibouti,Sex: Total,"Age (Youth, adults): 15-24",62.041,62.498,63.335,64.034,64.945,65.941,67.045,68.005,68.862,70.492,71.706,72.155,72.264,72.662,73.206,73.335,73.36,74.036,74.954,75.68,81.863,80.069,77.144,76.862,77.025,77.41
46,Dominican Rep.,Sex: Total,"Age (Youth, adults): 15-24",12.453,13.507,12.757,13.476,12.932,13.555,10.802,12.382,10.576,12.515,10.83,14.006,14.857,17.418,13.363,16.467,16.766,13.462,14.881,15.578,14.825,16.906,12.891,12.06,12.316,12.553
47,Ecuador,Sex: Total,"Age (Youth, adults): 15-24",9.79,8.552,9.506,10.842,10.185,7.849,7.917,6.993,9.152,9.852,9.268,8.891,8.526,8.329,9.043,8.84,10.37,8.483,7.964,8.73,11.099,9.239,8.401,7.538,7.544,7.527
48,Egypt,Sex: Total,"Age (Youth, adults): 15-24",24.858,27.474,26.249,29.251,28.214,31.097,30.402,25.001,25.449,25.132,24.501,29.364,34.381,34.087,32.206,34.179,33.696,32.708,26.327,20.717,18.52,18.301,15.715,15.599,15.697,15.709
49,El Salvador,Sex: Total,"Age (Youth, adults): 15-24",11.924,12.084,10.743,11.873,11.81,12.655,11.57,11.378,10.88,13.881,10.155,8.546,8.447,8.518,9.588,8.68,9.519,9.768,9.301,9.614,11.102,9.84,7.494,6.906,6.801,6.737
50,Eq. Guinea,Sex: Total,"Age (Youth, adults): 15-24",15.923,16.105,16.088,16.019,15.652,15.479,15.241,15.195,15.102,15.525,16.043,15.846,15.672,15.62,15.678,15.964,16.113,16.307,15.99,16.185,18.292,17.987,16.534,16.361,16.256,16.053
51,Eritrea,Sex: Total,"Age (Youth, adults): 15-24",10.545,10.724,10.8,10.822,10.657,10.736,10.698,10.733,10.616,10.809,11.049,10.758,10.473,10.346,10.325,10.485,10.531,10.551,10.204,10.205,11.357,11.247,10.256,10.06,9.945,9.844
52,Estonia,Sex: Total,"Age (Youth, adults): 15-24",21.107,23.896,20.206,26.788,25.605,15.13,12.105,10.088,12.022,27.42,32.944,22.389,20.852,18.707,14.967,13.093,13.381,12.086,11.837,11.048,17.803,16.64,18.403,15.96,17.46,17.154
53,Ethiopia,Sex: Total,"Age (Youth, adults): 15-24",5.1,4.625,4.438,4.321,3.98,3.584,3.402,3.42,3.424,3.442,3.421,3.411,3.411,3.436,3.624,3.776,3.973,4.166,4.413,4.624,6.116,6.134,5.472,5.341,5.332,5.323
54,Fiji,Sex: Total,"Age (Youth, adults): 15-24",10.994,11.081,11.324,11.397,11.472,9.578,10.199,10.979,11.637,12.388,12.978,13.617,13.865,14.142,14.381,14.58,14.927,15.173,15.38,15.543,17.297,16.942,16.011,15.059,14.816,14.716
55,Finland,Sex: Total,"Age (Youth, adults): 15-24",29.655,27.798,29.505,28.943,28.377,19.966,18.61,16.416,16.347,21.397,21.265,19.938,18.863,19.805,20.436,22.343,20.062,20.042,16.943,17.084,21.216,17.056,14.139,15.746,16.957,17.148
56,Fr. Polynesia,Sex: Total,"Age (Youth, adults): 15-24",32.791,32.985,33.088,33.144,33.002,33.084,33.561,33.958,34.351,34.539,35.078,35.372,35.407,35.398,35.281,35.18,35.3,35.536,35.907,36.302,41.082,38.718,37.692,37.332,37.154,37.053
57,France,Sex: Total,"Age (Youth, adults): 15-24",20.512,17.936,18.863,17.204,19.693,21.22,22.435,19.645,19.232,24.001,23.605,23.033,24.964,24.406,24.894,25.326,25.052,22.676,21.057,19.993,20.492,19.344,17.47,15.68,15.711,15.772
58,Gabon,Sex: Total,"Age (Youth, adults): 15-24",37.615,36.863,35.212,34.032,33.355,32.323,33.504,33.778,34.989,35.389,35.915,35.125,34.807,35.041,35.38,35.59,35.93,36.301,36.603,36.462,39.351,38.184,36.904,36.408,36.144,35.916
59,Gambia,Sex: Total,"Age (Youth, adults): 15-24",13.916,13.787,14.346,14.275,14.219,14.184,14.648,14.914,14.402,13.995,13.848,14.719,14.825,13.794,12.215,11.072,9.904,8.463,7.18,7.063,8.32,8.064,7.411,7.192,7.061,6.958
60,Georgia,Sex: Total,"Age (Youth, adults): 15-24",20.763,19.807,27.222,24.383,27.705,27.873,29.636,31.035,36.86,43.299,40.942,41.445,37.917,40.952,37.941,36.424,35.667,28.995,29.64,30.011,30.784,30.532,30.376,30.54,30.981,31.322
61,Germany,Sex: Total,"Age (Youth, adults): 15-24",8.547,7.787,9.283,11.024,12.988,15.535,13.76,11.911,10.553,11.212,9.821,8.506,8.031,7.811,7.733,7.212,7.032,6.758,6.184,5.77,7.132,7.033,5.956,5.996,6.288,6.376
62,Ghana,Sex: Total,"Age (Youth, adults): 15-24",16.169,15.162,14.079,12.884,11.7,10.546,9.412,9.965,10.235,10.839,11.083,8.821,6.678,4.764,9.347,14.283,10.641,6.332,6.192,6.089,6.724,6.667,6.601,6.678,6.723,6.686
63,Greece,Sex: Total,"Age (Youth, adults): 15-24",29.188,28.033,26.905,26.661,26.736,25.955,24.845,22.867,21.692,25.558,33.057,44.961,55.66,58.501,52.656,49.677,47.133,43.323,39.957,34.719,33.711,35.288,31.146,25.283,22.826,22.512
64,Guam,Sex: Total,"Age (Youth, adults): 15-24",36.525,31.521,27.075,22.881,18.161,16.288,17.029,19.776,21.037,22.016,19.508,31.994,28.604,27.007,17.918,16.282,12.749,12.814,12.892,12.852,14.88,14,13.22,13.15,13.101,13.023
65,Guatemala,Sex: Total,"Age (Youth, adults): 15-24",4.312,4.443,4.449,4.504,5.357,5.362,5.163,4.953,4.929,5.164,5.309,5.001,4.62,5.537,5.725,5.621,5.603,4.955,4.687,4.466,5.055,3.799,6.284,6.443,6.475,6.43
66,Guernsey,Sex: Total,"Age (Youth, adults): 15-24",10.651,10.553,11.106,12.424,13.146,13.091,12.165,11.259,11.72,15.982,16.816,17.699,20.131,21.193,20.394,18.842,17.456,15.807,14.032,13.797,15.859,15.633,13.345,13.208,13.25,13.123
67,Guinea,Sex: Total,"Age (Youth, adults): 15-24",5.697,5.693,5.633,5.788,5.95,6.153,6.263,6.166,6.22,6.434,6.64,6.681,6.458,6.611,6.818,7.04,6.821,6.629,6.63,6.992,8.342,8.044,7.469,7.325,7.26,7.208
68,Guinea-Bissau,Sex: Total,"Age (Youth, adults): 15-24",4.392,4.012,4.041,4.106,4.106,4.05,4.037,4.039,4.06,4.055,4.046,3.995,4.059,4.079,4.167,4.078,4.046,3.992,4.05,4.074,4.699,4.618,4.087,3.915,3.854,3.805
69,Guyana,Sex: Total,"Age (Youth, adults): 15-24",24.876,24.326,23.957,23.327,22.722,22.167,21.315,21.548,21.818,22.233,22.695,22.96,23.292,23.704,24.242,24.848,25.338,25.8,26.156,27.005,31.347,29.701,25.481,21.943,20.332,20.694
70,Haiti,Sex: Total,"Age (Youth, adults): 15-24",20.473,23.482,26.469,29.143,32.062,34.711,37.913,40.409,39.1,37.388,36.927,35.32,34.321,33.616,34.139,34.129,34.53,34.64,34.885,35.279,39.528,38.349,37.039,37.21,36.937,36.548
71,Honduras,Sex: Total,"Age (Youth, adults): 15-24",6.564,6.798,6.953,9.193,10.552,8.743,6.19,5.512,5.545,6.01,7.534,8.09,6.987,9.86,11.899,11.09,12.625,10.79,10.463,10.457,16.909,14.341,12.446,12.178,12.125,12.061
72,Hong Kong,Sex: Total,"Age (Youth, adults): 15-24",11.065,11.217,14.84,14.863,12.09,10.684,10.399,8.993,8.538,12.522,12.145,9.293,9.264,9.479,9.234,10.454,9.749,8.548,8.75,8.535,15.552,12.769,11.027,10.527,10.327,10.157
73,Hungary,Sex: Total,"Age (Youth, adults): 15-24",12.297,10.68,11.402,12.834,14.36,19.331,19.086,18.004,19.482,26.355,26.355,25.94,28.139,26.52,20.364,17.234,12.884,10.69,10.159,11.383,12.747,13.492,10.489,12.656,13.074,12.659
74,Iceland,Sex: Total,"Age (Youth, adults): 15-24",4.051,4.567,6.18,11.855,11.518,7.06,7.931,6.684,7.885,15.469,15.867,14.156,13.204,10.428,9.585,8.595,6.34,7.563,5.891,8.461,9.876,11.855,8.46,6.554,6.711,6.775
75,India,Sex: Total,"Age (Youth, adults): 15-24",13.589,13.869,14.157,14.431,14.709,14.991,15.734,16.494,17.285,18.093,18.927,19.752,20.617,21.42,22.239,23.086,23.984,24.934,25.939,22.854,24.587,20.871,17.826,17.972,18.997,19.799
76,Indonesia,Sex: Total,"Age (Youth, adults): 15-24",19.192,19.065,21.465,21.501,23.661,26.379,24.711,22.922,19.701,19.182,17.751,18.478,15.738,16.071,16.042,17.274,16.021,14.571,16.413,13.588,14.772,13.818,14.05,13.263,13.099,12.99
77,Iran,Sex: Total,"Age (Youth, adults): 15-24",23.298,24.523,25.482,22.94,20.517,23.509,23.57,22.31,23.025,24.657,28.568,26.469,26.684,23.924,25.03,25.994,29.063,28.206,27.541,25.963,23.714,23.732,22.828,22.649,22.613,22.605
78,Iraq,Sex: Total,"Age (Youth, adults): 15-24",15.75,16.177,16.753,17.307,17.076,16.996,16.859,17.269,16.978,16.849,16.607,16.459,16.118,17.93,19.923,21.328,22.443,25.267,27.189,29.331,34.375,35.604,31.758,32.278,32.251,32.034
79,Ireland,Sex: Total,"Age (Youth, adults): 15-24",6.382,6.003,7.575,7.907,8.07,8.268,8.271,9.158,13.471,24.526,28.164,29.596,30.806,26.743,23.431,20.257,16.793,14.392,13.747,12.464,15.24,14.461,10.021,10.788,11.781,11.803
80,Israel,Sex: Total,"Age (Youth, adults): 15-24",17.283,18.669,20.806,22.372,20.629,17.841,18.389,16.23,12.475,14.71,14.23,11.835,11.996,10.421,10.443,9.221,8.517,7.161,7.049,6.522,7.652,7.649,6.727,5.873,6.534,6.42
81,Italy,Sex: Total,"Age (Youth, adults): 15-24",31.525,27.884,27.222,27.047,24.465,24.126,21.821,20.397,21.202,25.378,27.919,29.205,35.342,40.081,42.707,40.37,37.786,34.741,32.201,29.166,29.383,29.707,23.715,22.892,23.894,23.734
82,Jamaica,Sex: Total,"Age (Youth, adults): 15-24",16.693,16.592,16.593,16.501,16.631,16.758,16.877,16.938,17.108,18.479,20.382,20.313,23.382,27.279,26.461,25.881,24.747,21.799,18.176,16.046,20.219,19.135,18.055,18.045,18.703,18.99
83,Japan,Sex: Total,"Age (Youth, adults): 15-24",9.212,9.606,10.07,10.188,9.565,8.717,8.294,7.872,7.303,9.204,9.437,8.303,8.227,6.806,6.288,5.473,5.117,4.602,3.671,3.935,4.679,4.631,4.416,4.199,4.103,4.523
84,Jersey,Sex: Total,"Age (Youth, adults): 15-24",10.651,10.553,11.106,12.424,13.146,13.091,12.165,11.259,11.72,15.982,16.816,17.699,20.131,21.193,20.394,18.842,17.456,15.807,14.032,13.797,15.859,15.633,13.345,13.208,13.25,13.123
85,Jordan,Sex: Total,"Age (Youth, adults): 15-24",30.946,33.231,34.747,32.774,33.651,34.614,32.796,31.677,30.719,31.402,30.076,30.756,28.753,29.423,27.573,30.915,35.617,35.391,38.88,37.122,42.349,43.749,41.907,41.694,41.572,41.442
86,Kazakhstan,Sex: Total,"Age (Youth, adults): 15-24",22.845,18.794,16.756,14.385,14.15,12.738,11.192,9.352,7.392,6.675,5.214,4.574,3.936,3.92,3.834,3.758,3.803,3.785,3.785,3.791,3.77,4.191,3.819,3.636,3.587,3.542
87,Kenya,Sex: Total,"Age (Youth, adults): 15-24",6.948,6.948,7.085,6.98,6.943,6.682,6.541,6.507,6.884,7.138,7.139,6.931,6.934,7.249,7.32,7.353,7.374,9.125,10.781,12.425,13.323,12.068,12.15,12.333,12.396,12.397
88,Kuwait,Sex: Total,"Age (Youth, adults): 15-24",2.928,2.928,4.145,5.172,7.202,6.418,5.673,6.667,7.671,7.122,8.547,10.234,11.924,13.69,15.456,16.216,15.176,15.161,15.169,15.201,18.865,17.83,15.495,14.822,14.535,14.146
89,Kyrgyzstan,Sex: Total,"Age (Youth, adults): 15-24",3.428,3.594,3.768,3.93,4.093,4.259,4.434,4.602,4.76,4.949,5.164,5.387,5.687,5.801,6.116,6.375,6.678,6.98,7.184,8.916,8.414,8.224,8.181,8.241,8.298,8.379
90,Laos,Sex: Total,"Age (Youth, adults): 15-24",4.369,4.044,3.805,3.516,3.217,2.906,2.605,2.336,2.082,1.854,1.599,2.165,2.731,3.322,3.92,4.531,5.155,5.786,5.859,5.946,6.754,6.637,6.316,6.294,6.327,6.345
91,Latvia,Sex: Total,"Age (Youth, adults): 15-24",21.271,24.191,25.311,20.46,21.886,15.177,13.683,10.594,13.699,33.552,36.312,31.122,28.625,23.286,19.628,16.312,17.282,16.981,12.192,12.419,14.863,14.774,15.265,12.186,11.969,11.92
92,Lebanon,Sex: Total,"Age (Youth, adults): 15-24",20.997,20.75,20.392,20.098,19.788,20.475,21.211,21.836,18.478,15.18,15.993,16.963,17.93,18.818,19.558,20.402,21.213,21.924,22.561,23.316,26.837,25.599,23.936,23.849,23.634,23.23
93,Lesotho,Sex: Total,"Age (Youth, adults): 15-24",22.494,22.377,22.414,22.417,22.64,22.483,22.588,22.478,22.422,22.998,23.043,23.268,22.783,23.231,23.591,23.985,23.916,24.431,24.789,25.111,27.861,27.294,25.164,24.509,24.217,23.97
94,Liberia,Sex: Total,"Age (Youth, adults): 15-24",2.829,2.923,3.03,3.278,3.287,3.284,3.166,3.131,3.124,3.144,3.167,2.773,2.366,1.955,1.556,1.92,2.298,2.294,2.29,2.294,2.842,2.827,2.288,2.131,2.083,2.035
95,Libya,Sex: Total,"Age (Youth, adults): 15-24",46.303,46.355,46.465,46.355,46.396,46.302,46.821,47.16,47.86,48.523,48.918,49.893,49.766,50.542,50.589,51.248,50.816,49.991,49.758,50.058,52.989,51.605,50.451,48.786,47.816,47.112
96,Lithuania,Sex: Total,"Age (Youth, adults): 15-24",28.532,31.526,20.434,26.936,20.267,15.755,9.97,8.394,13.355,29.595,35.738,32.602,26.689,21.929,19.292,16.338,14.483,13.279,11.129,11.867,19.578,14.308,11.928,10.801,9.93,10.161
97,Luxembourg,Sex: Total,"Age (Youth, adults): 15-24",6.387,6.358,6.946,10.915,16.82,13.646,16.011,14.886,17.827,17.142,14.177,16.764,18.668,15.473,22.408,17.357,18.886,15.402,14.211,16.99,23.239,16.981,17.628,16.827,16.238,16.178
98,Macao,Sex: Total,"Age (Youth, adults): 15-24",10.879,9.84,10.831,11.789,10.45,8.252,7.149,6.49,5.889,7.526,5.41,5.747,5.468,4.119,3.852,4.322,4.975,5.053,5.071,4.661,7.705,6.352,7.224,4.972,3.349,2.477
99,Madagascar,Sex: Total,"Age (Youth, adults): 15-24",8.506,7.907,7.835,6.899,4.679,2.271,2.602,2.928,3.293,3.929,4.72,3.214,1.016,1.797,2.56,3.339,3.323,3.329,3.347,3.359,4.133,4.101,3.602,3.456,3.388,3.33
100,Malawi,Sex: Total,"Age (Youth, adults): 15-24",6.768,6.979,7.009,6.903,6.647,6.613,6.651,6.566,6.48,6.413,6.489,6.565,6.721,6.764,6.746,6.724,6.79,6.83,6.769,6.676,7.742,7.563,6.833,6.692,6.653,6.604
101,Malaysia,Sex: Total,"Age (Youth, adults): 15-24",9.834,11.591,11.409,11.737,11.621,11.573,10.897,10.697,10.611,11.527,11.305,9.877,10.461,10.295,9.967,11.261,11.097,11.578,11.737,11.27,12.613,12.225,10.387,10.66,10.762,10.812
102,Maldives,Sex: Total,"Age (Youth, adults): 15-24",4.405,6.734,9.015,11.259,13.48,15.729,17.927,20.07,22.266,24.677,23.297,22.017,20.788,19.585,18.292,16.855,15.316,14.918,14.447,13.925,16.511,15.794,15.135,14.553,14.821,15.029
103,Mali,Sex: Total,"Age (Youth, adults): 15-24",2.148,2.038,2.077,1.952,2.154,2.111,2.181,2.16,2.192,2.197,2.179,2.207,2.296,2.347,2.294,2.191,2.142,2.235,2.335,4.097,6.737,3.844,4.199,4.565,4.596,4.584
104,Malta,Sex: Total,"Age (Youth, adults): 15-24",11.854,17.819,15.459,17.612,18.648,16.165,15.545,13.551,11.673,14.557,13.273,13.347,13.832,12.726,11.661,11.614,10.674,10.544,9.058,9.323,10.891,10.451,8.404,8.513,7.637,7.086
105,Mauritania,Sex: Total,"Age (Youth, adults): 15-24",15.051,15.222,15.352,14.939,14.749,14.495,14.085,14.358,14.731,15.517,15.367,15.222,15.087,16.191,17.354,18.493,19.854,20.976,22.32,23.434,25.602,25.153,24.283,23.915,23.643,23.239
106,Mauritius,Sex: Total,"Age (Youth, adults): 15-24",26.146,27.666,25.555,25.176,24.597,25.609,23.212,24.497,19.194,21.42,23.473,21.555,23.515,22.147,24.726,25.577,22.951,24.197,24.198,22.072,24.76,24.846,21.764,18.372,16.91,15.881
107,Mexico,Sex: Total,"Age (Youth, adults): 15-24",5.225,4.97,6.081,7.102,8.196,6.881,6.99,7.134,7.6,10.046,9.72,9.789,9.379,9.399,9.432,8.566,7.658,6.886,6.846,7.217,8.096,7.867,6.521,5.85,6.193,6.48
108,Moldova,Sex: Total,"Age (Youth, adults): 15-24",15.959,16.469,15.301,14.851,15.495,14.638,9.785,7.568,5.885,6.64,5.675,4.879,3.456,2.953,2.301,3.329,3.009,3.891,3.191,3.23,4.014,1.779,2.824,3.508,3.177,2.781
109,Mongolia,Sex: Total,"Age (Youth, adults): 15-24",9.33,9.527,9.699,10.663,10.956,11.332,11.733,12.075,9.722,10.071,14.608,10.326,8.386,10.61,11.99,12.751,20.188,17.476,16.459,15.22,15.882,17.435,11.529,9.73,10.441,10.728
110,Montenegro,Sex: Total,"Age (Youth, adults): 15-24",55.386,55.483,55.402,55.491,55.55,55.644,45.836,36.053,32.008,35.577,36.704,37.043,44.066,41.847,36.027,37.741,36.1,31.892,29.66,25.355,36.333,37.719,28.063,27.054,26.115,25.706
111,Morocco,Sex: Total,"Age (Youth, adults): 15-24",20.34,18.848,17.586,17.037,15.445,15.718,16.488,15.598,18.233,16.648,17.658,17.973,18.685,19.204,20.012,20.864,22.317,22.962,23.22,23.303,27.447,26.036,23.844,23.409,23.26,23.15
112,Mozambique,Sex: Total,"Age (Youth, adults): 15-24",6.076,6.094,6.244,6.142,6.335,6.484,6.459,6.528,6.574,6.756,6.872,6.945,6.989,7.05,7.13,7.231,7.361,7.519,7.671,7.761,8.645,8.667,7.988,7.742,7.714,7.728
113,Myanmar,Sex: Total,"Age (Youth, adults): 15-24",1.39,1.372,1.37,1.38,1.389,1.395,1.409,1.429,1.453,1.479,1.503,1.526,1.549,1.566,1.576,1.595,2.557,3.6,1.851,1.322,4.964,12.342,10.021,9.771,9.798,9.76
114,Namibia,Sex: Total,"Age (Youth, adults): 15-24",39.19,40.708,41.84,43.033,42.991,43.241,42.884,43.652,43.63,44.47,44.47,39.317,34.023,40.401,38.641,41.075,44.138,41.503,37.989,38.273,41.595,40.592,38.967,38.413,38.162,37.936
115,Nepal,Sex: Total,"Age (Youth, adults): 15-24",19.122,19.151,19.207,19.277,19.346,19.406,19.453,19.511,19.563,19.618,19.666,19.711,19.738,19.762,19.774,19.793,19.791,19.794,19.827,19.882,23.796,22.754,20.524,20.552,20.613,20.624
116,Netherlands,Sex: Total,"Age (Youth, adults): 15-24",5.274,4.387,4.575,6.59,8.018,11.871,10.021,9.375,8.577,10.206,11.077,10.015,11.706,13.17,12.74,11.237,10.822,8.858,7.171,6.747,9.129,9.569,7.904,8.731,8.776,8.575
117,New Caledonia,Sex: Total,"Age (Youth, adults): 15-24",44.376,43.404,42.678,41.961,41.058,39.925,38.861,37.718,36.686,35.697,35.942,36.165,36.62,37.469,38.216,37.643,37.168,36.472,40.004,32.415,46.144,38.994,32.327,32.052,31.945,31.932
118,New Zealand,Sex: Total,"Age (Youth, adults): 15-24",13.525,12.095,11.739,10.519,9.679,9.773,9.979,10.118,11.45,16.783,17.47,17.548,18.026,15.331,14.123,13.916,13.526,13.013,11.861,11.322,12.448,10.455,9.328,10.665,11.735,11.975
119,Nicaragua,Sex: Total,"Age (Youth, adults): 15-24",11.424,11.509,11.873,11.998,10.276,8.66,8.585,7.855,9.875,12.67,12.034,10.15,8.114,8.96,8.384,8.742,7.299,6.222,9.675,10.066,11.415,11.217,9.695,9.187,9.043,8.914
120,Niger,Sex: Total,"Age (Youth, adults): 15-24",3.014,3.082,3.774,4.446,5.539,6.168,4.97,3.898,2.955,2.124,1.196,0.47,3.86,2.342,0.67,0.692,0.69,0.695,0.684,0.683,0.783,0.88,0.697,0.643,0.575,0.549
121,Nigeria,Sex: Total,"Age (Youth, adults): 15-24",9.996,9.868,9.28,9.219,9.122,9.509,9.579,9.71,9.718,9.654,9.611,9.676,9.805,9.797,10.138,10.583,11.346,12.001,12.419,12.588,12.505,9.939,6.816,6.694,6.692,6.698
122,North Korea,Sex: Total,"Age (Youth, adults): 15-24",7.32,7.365,7.281,7.307,7.224,7.153,7.077,6.97,6.792,6.781,6.644,6.834,6.773,6.856,6.835,6.987,7.177,6.998,6.927,6.672,7.939,7.778,7.229,7.146,7.055,6.966
123,North Macedonia,Sex: Total,"Age (Youth, adults): 15-24",58.395,55.466,58.269,65.812,64.163,61.933,60.039,58.144,56.754,55.129,55.209,55.167,54.165,52.421,53.755,47.715,48.951,47.27,46.438,35.484,35.537,36.147,32.443,27.198,25.954,25.337
124,Norway,Sex: Total,"Age (Youth, adults): 15-24",10.92,11.973,12.846,11.702,12.635,11.327,8.76,7.387,7.484,9.174,9.277,8.611,8.424,9.093,7.828,9.89,11.126,10.337,9.665,9.927,11.294,12.576,9.964,10.328,9.608,9.669
125,Oman,Sex: Total,"Age (Youth, adults): 15-24",13.498,13.379,13.534,14.507,14.89,14.559,13.908,13.826,13.733,13.603,13.842,14.504,14.865,15.118,15.351,15.22,14.341,11.098,7.803,9.016,13.551,9.17,7.123,6.989,6.913,6.827
126,Pakistan,Sex: Total,"Age (Youth, adults): 15-24",0.961,0.951,0.941,0.94,0.938,0.938,0.939,0.821,0.978,1.088,1.286,1.722,7.562,5.961,4.053,6.676,5.164,6.501,7.842,9.57,10.545,11.029,9.69,10.014,10.245,10.426
127,Palestine,Sex: Total,"Age (Youth, adults): 15-24",15.803,31.251,38.708,35.41,35.588,31.923,29.841,31.001,37.283,33.987,36.173,31.202,34.602,37.055,36.263,37.115,38.391,41.709,42.06,39.983,41.868,41.446,35.951,0,0,0
128,Panama,Sex: Total,"Age (Youth, adults): 15-24",13.719,13.945,13.994,13.995,13.668,13.569,13.336,13.144,12.975,13.307,13.428,11.104,9.594,9.901,11.532,11.683,12.3,14.826,14.088,17.138,31.875,22.446,19.188,18.215,18.111,18.06
129,Papua New Guinea,Sex: Total,"Age (Youth, adults): 15-24",5.221,5.035,4.917,4.718,4.542,4.329,4.154,3.963,3.882,3.727,3.564,4.594,4.632,4.712,4.622,4.624,4.626,4.742,4.814,4.844,5.44,5.445,4.934,4.855,4.755,4.745
130,Paraguay,Sex: Total,"Age (Youth, adults): 15-24",13.984,11.246,16.555,13.377,11.943,10.341,11.116,10.422,9.619,11.758,10.627,11.364,10.048,9.471,11.074,10.911,11.497,14.366,14.47,15.222,17.084,16.126,14.511,12.144,12.774,12.791
131,Peru,Sex: Total,"Age (Youth, adults): 15-24",6.036,6.091,5.958,6.4,7.759,8.424,7.146,7.53,7.423,7.106,6.842,7.015,6.858,7.002,7.563,6.87,8.272,8.303,8.333,7.38,12.642,9.562,8.043,7.864,7.808,7.704
132,Philippines,Sex: Total,"Age (Youth, adults): 15-24",9.751,9.663,9.429,9.194,9.331,9.538,10.32,8.998,10.154,10.475,10.047,9.754,9.604,9.399,9.663,8.688,7.77,7.482,6.702,6.776,7.045,8.494,7.19,6.688,6.582,6.492
133,Poland,Sex: Total,"Age (Youth, adults): 15-24",34.954,38.751,41.2,41.203,39.947,36.763,29.721,21.596,17.235,20.57,23.69,25.738,26.489,27.289,23.852,20.778,17.669,14.816,11.764,9.858,10.806,11.918,10.652,11.49,10.714,9.734
134,Portugal,Sex: Total,"Age (Youth, adults): 15-24",8.252,8.967,10.454,13.493,14.052,16.222,16.508,16.75,16.653,20.306,22.756,30.265,37.92,38.106,34.761,31.964,27.956,23.873,20.282,18.256,22.554,23.421,19.002,18.582,18.491,17.595
135,Puerto Rico,Sex: Total,"Age (Youth, adults): 15-24",20.612,22.805,23.334,23.338,21.456,23.535,22.511,22.295,24.62,32.285,34.98,34.081,31.577,31.279,30.538,26.496,26.185,24.04,20.502,18.624,19.263,16.959,13.741,14.141,13.797,13.893
136,Qatar,Sex: Total,"Age (Youth, adults): 15-24",2.652,2.671,2.717,2.78,2.827,2.744,2.635,1.554,0.992,1.124,1.284,1.307,1.477,1.109,0.74,0.574,0.484,0.505,0.309,0.295,0.494,0.771,0.613,0.626,0.625,0.571
137,Romania,Sex: Total,"Age (Youth, adults): 15-24",17.82,17.622,22.188,19.493,22.378,20.348,21.601,20.342,18.837,21.008,21.891,23.796,22.519,23.719,23.99,21.635,20.604,18.367,16.304,16.773,17.323,21.004,22.585,22.147,22.006,21.905
138,Russia,Sex: Total,"Age (Youth, adults): 15-24",20.678,17.97,15.551,17.527,17.195,15.508,16.406,14.462,14.1,18.526,17.171,15.539,14.972,14.17,13.995,16.327,16.655,16.41,17.008,15.148,16.91,16.144,14.374,12.423,12.475,11.919
139,Rwanda,Sex: Total,"Age (Youth, adults): 15-24",15.783,15.843,15.516,15.813,15.901,16.123,15.882,15.94,15.929,16.118,16.188,16.374,16.317,16.473,16.589,16.608,16.58,16.691,16.209,16.012,15.919,23.268,22.172,21.87,21.663,21.489
140,S. Sudan,Sex: Total,"Age (Youth, adults): 15-24",18.39,18.353,18.334,18.421,18.505,18.519,18.511,18.493,18.563,18.897,19.004,19.267,19.779,19.495,19.345,19.21,20.144,20.469,20.077,19.444,21.91,21.165,18.609,17.931,17.598,17.296
141,Saint Lucia,Sex: Total,"Age (Youth, adults): 15-24",27.304,30.624,33.712,37.175,38.67,35.092,30.63,27.193,25.42,31.315,35.462,39.702,40.967,48.594,47.945,47.037,45.705,44.72,41.634,35.634,43.902,43.845,30.784,36.35,40.263,41.899
142,Samoa,Sex: Total,"Age (Youth, adults): 15-24",10.799,11.552,11.883,12.289,12.814,13.169,13.565,13.955,14.254,14.429,14.416,14.64,17.268,17.283,17.221,17.755,18.331,19.095,19.319,19.575,21.484,21.132,20.354,19.391,19.108,18.874
143,Saudi Arabia,Sex: Total,"Age (Youth, adults): 15-24",22.534,24.067,27.637,30.459,33.05,34.611,35.01,30.137,29.484,29.957,29.462,29.355,27.983,29.608,30.35,28.979,24.495,31.27,29.491,24.809,27.513,19.774,15.997,15.607,15.523,14.985
144,Senegal,Sex: Total,"Age (Youth, adults): 15-24",8.275,8.372,8.73,10.195,11.744,12.972,14.809,14.539,14.131,13.614,13.072,12.738,11.584,10.57,9.218,8.044,6.369,5.838,5.962,4.046,4.721,4.596,4.208,4.151,4.048,3.898
145,Serbia,Sex: Total,"Age (Youth, adults): 15-24",28.227,28.851,31.468,35.199,41.791,47.154,48.033,43.63,35.096,41.418,46.435,51.168,51.191,49.419,47.61,43.234,34.953,31.87,29.652,27.461,26.615,25.469,24.253,21.475,19.819,18.283
146,Sierra Leone,Sex: Total,"Age (Youth, adults): 15-24",7.569,7.696,7.251,7.213,5.11,5.76,6.252,6.671,7.101,7.565,8.066,8.517,8.776,8.966,9.463,8.48,7.034,5.376,3.571,3.578,4.053,3.962,3.633,3.637,3.639,3.611
147,Singapore,Sex: Total,"Age (Youth, adults): 15-24",7.065,7.682,11.142,10.112,10.813,10.669,8.87,8.777,9.153,12.911,9.83,9.264,8.944,9.352,8.774,9.363,9.14,9.66,8.605,7.657,10.596,10.115,8.383,7.57,8.262,8.36
148,Slovakia,Sex: Total,"Age (Youth, adults): 15-24",36.615,38.868,37.407,33.394,32.992,30.283,26.842,20.496,19.071,27.427,33.765,33.483,34.128,33.733,26.749,26.566,22.271,18.955,14.967,16.139,19.452,21.204,19.714,19.274,18.724,18.3
149,Slovenia,Sex: Total,"Age (Youth, adults): 15-24",16.328,18.295,16.664,17.44,16.273,15.985,13.865,10.369,10.589,13.807,14.795,15.916,20.785,21.668,20.444,16.431,15.31,11.263,8.869,8.132,14.204,12.838,10.143,8.73,8.267,7.725
150,Solomon Is.,Sex: Total,"Age (Youth, adults): 15-24",3.598,3.669,3.69,3.54,3.425,3.348,3.387,3.438,3.464,3.487,2.896,2.343,1.792,1.25,1.27,1.273,1.275,1.273,1.272,1.284,1.463,1.417,3.073,2.994,2.977,2.923
151,Somalia,Sex: Total,"Age (Youth, adults): 15-24",33.441,33.299,33.217,33.177,33.198,33.281,33.385,33.316,33.363,33.381,33.444,33.486,33.831,33.945,33.929,33.174,33.01,33.313,33.781,33.919,36.021,35.706,34.661,34.48,34.406,34.301
152,South Africa,Sex: Total,"Age (Youth, adults): 15-24",36.803,36.491,36.311,36.503,36.346,36.276,36.075,36.116,36.536,38.589,45.536,39.739,41.897,42.81,43.958,41.999,43.936,42.811,43.761,47.406,43.499,49.864,49.827,50.467,50.847,51.419
153,South Korea,Sex: Total,"Age (Youth, adults): 15-24",9.997,9.357,7.918,9.434,9.803,9.325,8.913,7.842,8.653,9.215,8.527,8.297,7.732,7.918,8.579,9.912,10.155,9.774,10.101,9.844,10.144,8.055,6.65,5.029,5.419,6.075
154,Spain,Sex: Total,"Age (Youth, adults): 15-24",25.216,20.7,21.534,22.305,22.477,19.639,17.881,18.09,24.455,37.743,41.494,46.188,52.868,55.47,53.202,48.356,44.471,38.574,34.352,32.531,38.28,34.8,29.797,28.488,28.423,28.353
155,Sri Lanka,Sex: Total,"Age (Youth, adults): 15-24",23.949,25.207,28.763,27.764,28.472,27.872,22.24,21.567,18.79,21.207,18.722,16.83,16.848,18.008,18.849,19.261,20.074,17.399,20.489,20.375,25.328,23.5,24.743,26.711,26.586,26.388
156,St. Vin. and Gren.,Sex: Total,"Age (Youth, adults): 15-24",40.113,40.976,40.51,39.757,39.278,39.376,39.2,39.069,39.038,40.273,41.45,41.796,41.718,41.122,41.155,41.209,41.275,41.516,41.814,42.599,46.789,45.445,43.815,42.185,41.086,40.44
157,Sudan,Sex: Total,"Age (Youth, adults): 15-24",26.814,26.732,26.645,26.725,26.889,27.033,27.181,27.336,27.62,23.707,27.757,32.17,33.203,33.514,33.236,32.324,32.404,32.799,33.251,33.787,37.592,36.668,34.049,39.047,39.146,36.604
158,Suriname,Sex: Total,"Age (Youth, adults): 15-24",31.363,29.017,26.569,24.186,21.843,21.242,20.76,20.422,19.962,19.603,13.469,19.266,19.665,19.456,15.664,13.068,25.217,25.14,24.736,24.378,28.393,27.275,26.598,26.029,25.345,24.685
159,Sweden,Sex: Total,"Age (Youth, adults): 15-24",9.305,11.665,12.939,14.3,18.491,21.907,21.47,19.245,20.199,25.027,24.752,22.765,23.614,23.488,22.792,20.345,18.893,17.932,17.45,20.177,23.995,24.687,21.675,22.373,24.177,24.056
160,Switzerland,Sex: Total,"Age (Youth, adults): 15-24",4.817,5.63,5.579,8.51,7.719,8.771,7.694,7.08,7.014,8.451,8.224,7.731,8.319,8.753,8.605,8.822,8.581,8.062,7.927,7.986,8.603,8.828,7.497,6.725,6.748,6.766
161,Syria,Sex: Total,"Age (Youth, adults): 15-24",18.185,21.93,20.65,19.417,18.802,18.24,17.726,19.05,22.288,16.429,20.709,21.309,34.36,35.988,37.034,36.359,35.319,34.497,33.808,33.15,37.375,35.808,33.985,33.351,33.051,32.879
162,São Tomé and Principe,Sex: Total,"Age (Youth, adults): 15-24",20.927,22.149,25.2,23.429,23.344,23.891,24.286,23.539,22.831,22.714,21.613,20.964,20.091,20.352,20.209,20.238,20.407,20.704,20.849,21.099,23.566,22.922,21.396,21.118,21.011,20.863
163,Taiwan,Sex: Total,"Age (Youth, adults): 15-24",7.217,10.283,11.711,11.327,10.682,10.491,10.196,10.658,11.667,14.454,13.017,12.392,12.597,13.048,12.618,11.991,12.069,11.891,11.405,11.909,11.571,11.62,11.951,11.981,11.967,11.926
164,Tajikistan,Sex: Total,"Age (Youth, adults): 15-24",31.577,31.397,30.557,29.763,29.125,27.592,26.665,25.265,24.748,25.384,24.287,22.905,22.317,20.854,19.482,17.802,15.946,15.482,15.491,15.343,17.473,18.261,16.913,16.704,16.902,17.282
165,Tanzania,Sex: Total,"Age (Youth, adults): 15-24",5.59,5.366,5.45,5.536,5.665,5.861,6.092,5.693,5.328,4.886,5.972,6.912,6.417,5.82,3.758,3.643,3.586,3.526,3.491,3.463,3.81,3.805,3.48,3.479,3.481,3.471
166,Thailand,Sex: Total,"Age (Youth, adults): 15-24",6.91,7.979,5.823,5.24,4.635,4.857,4.879,4.586,4.915,5.757,2.61,2.969,2.784,1.253,3.151,3.151,3.795,4.469,4.139,4.344,5.309,5.961,5.391,5.522,5.271,5.643
167,Timor-Leste,Sex: Total,"Age (Youth, adults): 15-24",10.139,9.98,9.482,9.518,9.597,9.449,9.371,9.319,9.304,9.226,9.313,10.009,10.706,11.358,11.961,12.537,13.076,11.32,9.568,7.768,6.634,4.747,3.932,4.012,4.065,4.088
168,Togo,Sex: Total,"Age (Youth, adults): 15-24",7.312,7.251,7.234,7.075,7.131,7.341,7.447,6.627,5.644,4.801,3.923,3.134,3.394,3.674,3.972,4.29,6.775,9.254,9.317,9.362,10.525,10.432,9.505,9.193,9.102,9.029
169,Tonga,Sex: Total,"Age (Youth, adults): 15-24",10.68,11.738,12.821,13.902,10.523,6.839,2.912,3.202,3.466,3.877,4.203,4.5,4.722,5.065,5.505,5.833,6.014,6.314,6.675,6.396,7.887,6.334,7.027,6.898,6.75,6.649
170,Trinidad and Tobago,Sex: Total,"Age (Youth, adults): 15-24",23.086,21.073,20.642,21.094,16.955,16.296,12.86,11.228,10.404,11.634,9.74,8.528,8.572,6.219,5.86,5.833,8.631,8.916,9.027,9.026,11.634,12.934,11.818,10.927,10.37,9.836
171,Tunisia,Sex: Total,"Age (Youth, adults): 15-24",30.569,29.78,30.346,30.664,30.536,28.042,27.733,27.911,28.435,30.849,29.331,42.254,38.198,34.68,36.909,35.052,35.245,35.466,35.517,39.036,42.834,41.525,40.576,40.458,40.378,40.191
172,Turkey,Sex: Total,"Age (Youth, adults): 15-24",12.547,16.008,18.925,20.18,20.212,19.52,16.134,16.889,18.075,22.361,19.387,16.391,15.361,16.561,17.468,18.133,19.126,20.111,19.804,24.804,24.689,22.376,19.254,17.912,18.343,18.551
173,Turkmenistan,Sex: Total,"Age (Youth, adults): 15-24",22.654,21.425,19.882,18.044,16.559,14.458,12.584,10.72,9.201,8.117,8.311,8.371,8.809,8.822,8.995,8.9,8.73,8.415,8.408,8.352,10.14,10.274,8.992,8.961,9.137,9.368
174,U.S. Virgin Is.,Sex: Total,"Age (Youth, adults): 15-24",21.245,21.629,22.057,22.858,22.364,22.169,20.831,20.432,20.491,23.67,23.822,25.133,25.814,27.247,27.395,26.429,27.694,26.844,26.911,27.389,34.195,31.77,27.544,26.532,25.599,24.833
175,Uganda,Sex: Total,"Age (Youth, adults): 15-24",5.25,5.238,5.206,5.411,4.072,2.867,3.439,4.056,4.623,5.45,5.434,5.259,5.252,2.662,3.474,4.133,4.778,5.567,5.237,4.89,5.812,5.208,4.606,4.473,4.43,4.354
176,Ukraine,Sex: Total,"Age (Youth, adults): 15-24",21.875,20.661,18.927,16.896,16.012,15.24,14.275,13.219,13.143,18.268,17.76,17.864,17.841,17.671,23.576,22.581,23.091,18.929,17.933,15.435,19.328,19.11,0,0,0,0
177,United Arab Emirates,Sex: Total,"Age (Youth, adults): 15-24",4.947,5.423,5.981,6.636,7.2,7.72,7.123,6.606,6.171,6.167,6.063,5.923,5.655,5.455,5.307,5.074,4.849,7.156,6.662,7.405,14.119,10.493,9.895,9.835,9.759,9.676
178,United Kingdom,Sex: Total,"Age (Youth, adults): 15-24",11.938,10.259,10.837,11.262,10.618,12.62,13.816,14.175,14.918,18.978,19.732,21.147,21.046,20.495,16.796,14.508,12.89,11.99,11.19,11.039,13.438,12.774,10.51,12.014,13.448,13.929
179,United States of America,Sex: Total,"Age (Youth, adults): 15-24",9.275,10.496,11.922,12.345,11.792,11.226,10.428,10.459,12.748,17.509,18.346,17.257,16.198,15.524,13.396,11.606,10.409,9.244,8.613,8.371,14.873,9.706,8.096,7.978,8.812,9.192
180,Uruguay,Sex: Total,"Age (Youth, adults): 15-24",29.214,34.405,37.862,38.068,33.051,29.06,28.078,24.89,22.371,20.969,20.719,18.063,18.561,19.277,19.426,22.856,24.129,25.233,26.54,28.142,33.928,31.674,25.282,26.091,26.235,26.447
181,Uzbekistan,Sex: Total,"Age (Youth, adults): 15-24",25.544,23.623,21.458,19.293,17.095,14.707,12.5,10.237,10.099,10.747,11.575,10.623,10.743,10.781,11.433,11.571,11.542,12.883,12.097,11.203,12.795,13.182,10.968,10.557,10.545,10.626
182,Vanuatu,Sex: Total,"Age (Youth, adults): 15-24",14.086,14.223,14.382,14.447,14.169,13.796,13.683,12.014,10.311,8.729,9.013,9.325,9.629,9.908,10.188,10.476,10.651,10.863,11.067,11.381,8.894,10.129,10.99,10.997,10.912,10.762
183,Venezuela,Sex: Total,"Age (Youth, adults): 15-24",23.344,21.874,27.215,28.089,25.358,18.262,15.378,13.589,12.365,12.135,14.176,14.037,14.077,16.22,14.728,13.251,11.673,12.343,12.309,12.133,13.817,13.303,10.977,11.661,10.75,9.939
184,Vietnam,Sex: Total,"Age (Youth, adults): 15-24",4.712,5.565,4.408,4.716,4.572,4.998,5.472,5.985,5.263,4.494,3.474,3.265,3.703,4.632,4.756,6.351,6.788,7.016,4.505,5.501,6.422,6.805,5.917,6.328,6.233,6.115
185,W. Sahara,Sex: Total,"Age (Youth, adults): 15-24",18.502,19.413,19.727,19.06,18.119,17.835,17.28,17.028,17.65,17.133,17.879,18.983,20.303,20.4,20.732,22.017,22.372,23.406,23.023,22.381,26.093,24.704,21.966,22.045,22.027,21.978
186,Yemen,Sex: Total,"Age (Youth, adults): 15-24",18.583,18.904,19.175,19.513,19.8,20.069,20.41,20.769,21.18,21.543,21.829,22.853,23.505,24.219,24.495,32.45,33.184,33.577,32.658,32.44,34.763,34.384,33.049,32.914,32.82,32.229
187,Zambia,Sex: Total,"Age (Youth, adults): 15-24",23.003,24.421,26.352,28.032,29.861,31.613,26.791,21.795,16.696,22.727,28.865,22.955,16.948,17.208,17.181,17.336,17.229,17.053,8.726,10.325,11.022,9.347,8.209,7.915,7.826,7.749
188,Zimbabwe,Sex: Total,"Age (Youth, adults): 15-24",11.902,10.823,9.879,8.991,7.881,8.199,8.351,8.693,9.296,9.379,9.27,9.035,8.173,7.613,6.937,8.001,8.914,9.746,10.57,11.616,14.064,15.154,14.802,14.57,14.422,14.306
189,eSwatini,Sex: Total,"Age (Youth, adults): 15-24",50.459,51.896,52.891,53.747,54.531,55.456,56.351,57.408,56.626,55.774,54.489,53,51.283,50.027,48.895,47.906,46.959,47.246,47.603,47.787,53.347,51.214,48.246,47.343,46.972,46.741
